Workbook

Sheet LEIA-ME
A1: Planilha de cálculos — P2 FSP — Matrícula 231019943
A2: Células amarelas = dados de entrada copiados das fontes (Siconfi/DCA, IBGE/Sidra). Demais células = fórmulas.
A3: Aba IPCA: número-índice mensal (Sidra 1737) -> média anual -> fator para R$ de 2025.
A4: Aba Populacao: Censos 2010/2022 e estimativas -> população harmonizada (interpolação geométrica).
A5: Abas Manaus e Parintins: valores nominais (R$) -> receita líquida, transferências líquidas, dependência, autonomia, resultado, valores reais e per capita.
A6: Os mesmos cálculos são feitos em Python (06_codigos_e_planilhas/02_tratamento.py); a aba Conferencia compara os dois resultados.

Sheet IPCA
A1: Mês (AAAAMM) | B1: IPCA número-índice (dez/1993=100) | D1: Ano | E1: Média anual do índice | F1: Fator p/ R$ de 2025
A2: 201501 | B2: 4110.2 | D2: 2015 | E2: =AVERAGEIFS($B$2:$B$142,$A$2:$A$142,">="&D2*100+1,$A$2:$A$142,"<="&D2*100+12) | F2: =$E$12/E2
A3: 201502 | B3: 4160.34 | D3: 2016 | E3: =AVERAGEIFS($B$2:$B$142,$A$2:$A$142,">="&D3*100+1,$A$2:$A$142,"<="&D3*100+12) | F3: =$E$12/E3
A4: 201503 | B4: 4215.26 | D4: 2017 | E4: =AVERAGEIFS($B$2:$B$142,$A$2:$A$142,">="&D4*100+1,$A$2:$A$142,"<="&D4*100+12) | F4: =$E$12/E4
A5: 201504 | B5: 4245.19 | D5: 2018 | E5: =AVERAGEIFS($B$2:$B$142,$A$2:$A$142,">="&D5*100+1,$A$2:$A$142,"<="&D5*100+12) | F5: =$E$12/E5
A6: 201505 | B6: 4276.6 | D6: 2019 | E6: =AVERAGEIFS($B$2:$B$142,$A$2:$A$142,">="&D6*100+1,$A$2:$A$142,"<="&D6*100+12) | F6: =$E$12/E6
A7: 201506 | B7: 4310.39 | D7: 2020 | E7: =AVERAGEIFS($B$2:$B$142,$A$2:$A$142,">="&D7*100+1,$A$2:$A$142,"<="&D7*100+12) | F7: =$E$12/E7
A8: 201507 | B8: 4337.11 | D8: 2021 | E8: =AVERAGEIFS($B$2:$B$142,$A$2:$A$142,">="&D8*100+1,$A$2:$A$142,"<="&D8*100+12) | F8: =$E$12/E8
A9: 201508 | B9: 4346.65 | D9: 2022 | E9: =AVERAGEIFS($B$2:$B$142,$A$2:$A$142,">="&D9*100+1,$A$2:$A$142,"<="&D9*100+12) | F9: =$E$12/E9
A10: 201509 | B10: 4370.12 | D10: 2023 | E10: =AVERAGEIFS($B$2:$B$142,$A$2:$A$142,">="&D10*100+1,$A$2:$A$142,"<="&D10*100+12) | F10: =$E$12/E10
A11: 201510 | B11: 4405.95 | D11: 2024 | E11: =AVERAGEIFS($B$2:$B$142,$A$2:$A$142,">="&D11*100+1,$A$2:$A$142,"<="&D11*100+12) | F11: =$E$12/E11
A12: 201511 | B12: 4450.45 | D12: 2025 | E12: =AVERAGEIFS($B$2:$B$142,$A$2:$A$142,">="&D12*100+1,$A$2:$A$142,"<="&D12*100+12) | F12: =$E$12/E12
A13: 201512 | B13: 4493.17
A14: 201601 | B14: 4550.23
A15: 201602 | B15: 4591.18
A16: 201603 | B16: 4610.92
A17: 201604 | B17: 4639.05
A18: 201605 | B18: 4675.23
A19: 201606 | B19: 4691.59
A20: 201607 | B20: 4715.99
A21: 201608 | B21: 4736.74
A22: 201609 | B22: 4740.53
A23: 201610 | B23: 4752.86
A24: 201611 | B24: 4761.42
... A142: 202609 | B142: 7695.82

Sheet Populacao
A1: Município | B1: Ano | C1: Censo 2010 (1/8/2010) | D1: Censo 2022 (1/8/2022) | E1: Estimativa 2024 (1/7/2024) | F1: Estimativa oficial do ano | G1: População harmonizada | H1: Regra
A2: Manaus | B2: 2016 | C2: 1802014 | D2: 2063689 | E2: 2279686 | F2: 2094391 | G2: =ROUND(C2*(D2/C2)^((B2+6/12-(2010+7/12))/12),0) | H2: Interpolação Censo 2010–2022
A3: Manaus | B3: 2017 | C3: 1802014 | D3: 2063689 | E3: 2279686 | F3: 2130264 | G3: =ROUND(C3*(D3/C3)^((B3+6/12-(2010+7/12))/12),0) | H3: Interpolação Censo 2010–2022
A4: Manaus | B4: 2018 | C4: 1802014 | D4: 2063689 | E4: 2279686 | F4: 2145444 | G4: =ROUND(C4*(D4/C4)^((B4+6/12-(2010+7/12))/12),0) | H4: Interpolação Censo 2010–2022
A5: Manaus | B5: 2019 | C5: 1802014 | D5: 2063689 | E5: 2279686 | F5: 2182763 | G5: =ROUND(C5*(D5/C5)^((B5+6/12-(2010+7/12))/12),0) | H5: Interpolação Censo 2010–2022
A6: Manaus | B6: 2020 | C6: 1802014 | D6: 2063689 | E6: 2279686 | F6: 2219580 | G6: =ROUND(C6*(D6/C6)^((B6+6/12-(2010+7/12))/12),0) | H6: Interpolação Censo 2010–2022
A7: Manaus | B7: 2021 | C7: 1802014 | D7: 2063689 | E7: 2279686 | F7: 2255903 | G7: =ROUND(C7*(D7/C7)^((B7+6/12-(2010+7/12))/12),0) | H7: Interpolação Censo 2010–2022
A8: Manaus | B8: 2022 | C8: 1802014 | D8: 2063689 | E8: 2279686 | F8: 2063689 | G8: =D8 | H8: Censo 2022
A9: Manaus | B9: 2023 | C9: 1802014 | D9: 2063689 | E9: 2279686 | G9: =ROUND(D9*((E9/D9)^(1/(2024+6/12-(2022+7/12))))^(2023+6/12-(2022+7/12)),0) | H9: Interpolação Censo 2022–estimativa 2024
A10: Manaus | B10: 2024 | C10: 1802014 | D10: 2063689 | E10: 2279686 | F10: 2279686 | G10: =F10 | H10: Estimativa IBGE pós-censo
A11: Manaus | B11: 2025 | C11: 1802014 | D11: 2063689 | E11: 2279686 | F11: 2303732 | G11: =F11 | H11: Estimativa IBGE pós-censo
A12: Parintins | B12: 2016 | C12: 102033 | D12: 96372 | E12: 101956 | F12: 112716 | G12: =ROUND(C12*(D12/C12)^((B12+6/12-(2010+7/12))/12),0) | H12: Interpolação Censo 2010–2022
A13: Parintins | B13: 2017 | C13: 102033 | D13: 96372 | E13: 101956 | F13: 113832 | G13: =ROUND(C13*(D13/C13)^((B13+6/12-(2010+7/12))/12),0) | H13: Interpolação Censo 2010–2022
A14: Parintins | B14: 2018 | C14: 102033 | D14: 96372 | E14: 101956 | F14: 113168 | G14: =ROUND(C14*(D14/C14)^((B14+6/12-(2010+7/12))/12),0) | H14: Interpolação Censo 2010–2022
A15: Parintins | B15: 2019 | C15: 102033 | D15: 96372 | E15: 101956 | F15: 114273 | G15: =ROUND(C15*(D15/C15)^((B15+6/12-(2010+7/12))/12),0) | H15: Interpolação Censo 2010–2022
A16: Parintins | B16: 2020 | C16: 102033 | D16: 96372 | E16: 101956 | F16: 115363 | G16: =ROUND(C16*(D16/C16)^((B16+6/12-(2010+7/12))/12),0) | H16: Interpolação Censo 2010–2022
A17: Parintins | B17: 2021 | C17: 102033 | D17: 96372 | E17: 101956 | F17: 116439 | G17: =ROUND(C17*(D17/C17)^((B17+6/12-(2010+7/12))/12),0) | H17: Interpolação Censo 2010–2022
A18: Parintins | B18: 2022 | C18: 102033 | D18: 96372 | E18: 101956 | F18: 96372 | G18: =D18 | H18: Censo 2022
A19: Parintins | B19: 2023 | C19: 102033 | D19: 96372 | E19: 101956 | G19: =ROUND(D19*((E19/D19)^(1/(2024+6/12-(2022+7/12))))^(2023+6/12-(2022+7/12)),0) | H19: Interpolação Censo 2022–estimativa 2024
A20: Parintins | B20: 2024 | C20: 102033 | D20: 96372 | E20: 101956 | F20: 101956 | G20: =F20 | H20: Estimativa IBGE pós-censo
A21: Parintins | B21: 2025 | C21: 102033 | D21: 96372 | E21: 101956 | F21: 101855 | G21: =F21 | H21: Estimativa IBGE pós-censo

Sheet Manaus
A1: Ano | B1: Receita corrente bruta (1.0) | C1: Deduções da receita corrente (FUNDEB e outras) | D1: Receita de capital (2.0) | E1: Receita tributária (1.1) | F1: Transferências correntes brutas (1.7) | G1: Deduções sobre transf. correntes | H1: Transferências de capital (2.4) | I1: FPM | J1: Cota-parte ICMS | K1: FUNDEB recebido | L1: SUS corrente | M1: Despesa empenhada exceto intra | N1: Receita total líquida | O1: Transferências líquidas | P1: Dependência (%) | Q1: Autonomia tributária (%) | R1: Resultado orçamentário (R$) | S1: Fator IPCA (R$ 2025) | T1: População harmonizada | U1: Receita total líquida real pc | V1: Receita tributária real pc | W1: Transferências líquidas reais pc | X1: Despesa real pc
A2: 2016 | B2: 4.1940027e+09 | C2: 4.0640717e+08 | D2: 5.7141798e+08 | E2: 9.2461901e+08 | F2: 2.6089873e+09 | G2: 3.3357466e+08 | H2: 19879305 | I2: 4.493954e+08 | J2: 1.1010455e+09 | K2: 6.329813e+08 | L2: 1.8352139e+08 | M2: 4.1835998e+09 | N2: =B2-C2+D2 | O2: =F2-G2+H2 | P2: =100*O2/N2 | Q2: =100*E2/(B2-C2) | R2: =N2-M2 | S2: =INDEX(IPCA!$F$2:$F$12,MATCH(A2,IPCA!$D$2:$D$12,0)) | T2: =SUMIFS(Populacao!$G$2:$G$21,Populacao!$A$2:$A$21,"Manaus",Populacao!$B$2:$B$21,A2) | U2: =N2*S2/T2 | V2: =E2*S2/T2 | W2: =O2*S2/T2 | X2: =M2*S2/T2
A3: 2017 | B3: 4.5224192e+09 | C3: 4.4221985e+08 | D3: 35183697 | E3: 9.5898868e+08 | F3: 2.9403256e+09 | G3: 3.6691768e+08 | H3: 13463838 | I3: 4.4106621e+08 | J3: 1.2726549e+09 | K3: 8.1771019e+08 | L3: 1.5984402e+08 | M3: 4.2091229e+09 | N3: =B3-C3+D3 | O3: =F3-G3+H3 | P3: =100*O3/N3 | Q3: =100*E3/(B3-C3) | R3: =N3-M3 | S3: =INDEX(IPCA!$F$2:$F$12,MATCH(A3,IPCA!$D$2:$D$12,0)) | T3: =SUMIFS(Populacao!$G$2:$G$21,Populacao!$A$2:$A$21,"Manaus",Populacao!$B$2:$B$21,A3) | U3: =N3*S3/T3 | V3: =E3*S3/T3 | W3: =O3*S3/T3 | X3: =M3*S3/T3
A4: 2018 | B4: 5.0550401e+09 | C4: 4.991045e+08 | D4: 2.2214909e+08 | E4: 1.2038312e+09 | F4: 3.2635322e+09 | G4: 4.1921383e+08 | H4: 36758206 | I4: 5.3127762e+08 | J4: 1.4278297e+09 | K4: 8.2255769e+08 | L4: 1.8164777e+08 | M4: 4.6009464e+09 | N4: =B4-C4+D4 | O4: =F4-G4+H4 | P4: =100*O4/N4 | Q4: =100*E4/(B4-C4) | R4: =N4-M4 | S4: =INDEX(IPCA!$F$2:$F$12,MATCH(A4,IPCA!$D$2:$D$12,0)) | T4: =SUMIFS(Populacao!$G$2:$G$21,Populacao!$A$2:$A$21,"Manaus",Populacao!$B$2:$B$21,A4) | U4: =N4*S4/T4 | V4: =E4*S4/T4 | W4: =O4*S4/T4 | X4: =M4*S4/T4
A5: 2019 | B5: 5.4653008e+09 | C5: 5.4283468e+08 | D5: 6.9157005e+08 | E5: 1.3221934e+09 | F5: 3.557059e+09 | G5: 4.6161843e+08 | H5: 69077186 | I5: 5.7264696e+08 | J5: 1.5837552e+09 | K5: 8.8526413e+08 | L5: 1.7884557e+08 | M5: 5.4464996e+09 | N5: =B5-C5+D5 | O5: =F5-G5+H5 | P5: =100*O5/N5 | Q5: =100*E5/(B5-C5) | R5: =N5-M5 | S5: =INDEX(IPCA!$F$2:$F$12,MATCH(A5,IPCA!$D$2:$D$12,0)) | T5: =SUMIFS(Populacao!$G$2:$G$21,Populacao!$A$2:$A$21,"Manaus",Populacao!$B$2:$B$21,A5) | U5: =N5*S5/T5 | V5: =E5*S5/T5 | W5: =O5*S5/T5 | X5: =M5*S5/T5
A6: 2020 | B6: 6.0104152e+09 | C6: 5.6294899e+08 | D6: 8.0073984e+08 | E6: 1.3759163e+09 | F6: 4.0313104e+09 | G6: 4.7992368e+08 | H6: 56934893 | I6: 5.5139229e+08 | J6: 1.6780964e+09 | K6: 9.0131908e+08 | L6: 2.4967467e+08 | M6: 6.2868358e+09 | N6: =B6-C6+D6 | O6: =F6-G6+H6 | P6: =100*O6/N6 | Q6: =100*E6/(B6-C6) | R6: =N6-M6 | S6: =INDEX(IPCA!$F$2:$F$12,MATCH(A6,IPCA!$D$2:$D$12,0)) | T6: =SUMIFS(Populacao!$G$2:$G$21,Populacao!$A$2:$A$21,"Manaus",Populacao!$B$2:$B$21,A6) | U6: =N6*S6/T6 | V6: =E6*S6/T6 | W6: =O6*S6/T6 | X6: =M6*S6/T6
A7: 2021 | B7: 6.7756756e+09 | C7: 6.8330831e+08 | D7: 7.0698802e+08 | E7: 1.5535703e+09 | F7: 4.5630847e+09 | G7: 5.8894198e+08 | H7: 2.1558342e+08 | I7: 7.350739e+08 | J7: 2.0258614e+09 | K7: 1.1587519e+09 | L7: 2.6002745e+08 | M7: 6.1943419e+09 | N7: =B7-C7+D7 | O7: =F7-G7+H7 | P7: =100*O7/N7 | Q7: =100*E7/(B7-C7) | R7: =N7-M7 | S7: =INDEX(IPCA!$F$2:$F$12,MATCH(A7,IPCA!$D$2:$D$12,0)) | T7: =SUMIFS(Populacao!$G$2:$G$21,Populacao!$A$2:$A$21,"Manaus",Populacao!$B$2:$B$21,A7) | U7: =N7*S7/T7 | V7: =E7*S7/T7 | W7: =O7*S7/T7 | X7: =M7*S7/T7
A8: 2022 | B8: 8.0970221e+09 | C8: 7.7379398e+08 | D8: 3.0235174e+08 | E8: 1.8493232e+09 | F8: 5.2701458e+09 | G8: 6.5677839e+08 | H8: 1.8973381e+08 | I8: 9.740783e+08 | J8: 2.1456848e+09 | K8: 1.3666565e+09 | L8: 2.6092645e+08 | M8: 7.816691e+09 | N8: =B8-C8+D8 | O8: =F8-G8+H8 | P8: =100*O8/N8 | Q8: =100*E8/(B8-C8) | R8: =N8-M8 | S8: =INDEX(IPCA!$F$2:$F$12,MATCH(A8,IPCA!$D$2:$D$12,0)) | T8: =SUMIFS(Populacao!$G$2:$G$21,Populacao!$A$2:$A$21,"Manaus",Populacao!$B$2:$B$21,A8) | U8: =N8*S8/T8 | V8: =E8*S8/T8 | W8: =O8*S8/T8 | X8: =M8*S8/T8
A9: 2023 | B9: 9.1208572e+09 | C9: 8.6867421e+08 | D9: 8.4985664e+08 | E9: 2.1518428e+09 | F9: 5.7513425e+09 | G9: 7.0986592e+08 | H9: 58969319 | I9: 1.0223734e+09 | J9: 2.2269882e+09 | K9: 1.3567255e+09 | L9: 3.3122067e+08 | M9: 8.8731452e+09 | N9: =B9-C9+D9 | O9: =F9-G9+H9 | P9: =100*O9/N9 | Q9: =100*E9/(B9-C9) | R9: =N9-M9 | S9: =INDEX(IPCA!$F$2:$F$12,MATCH(A9,IPCA!$D$2:$D$12,0)) | T9: =SUMIFS(Populacao!$G$2:$G$21,Populacao!$A$2:$A$21,"Manaus",Populacao!$B$2:$B$21,A9) | U9: =N9*S9/T9 | V9: =E9*S9/T9 | W9: =O9*S9/T9 | X9: =M9*S9/T9
A10: 2024 | B10: 1.042732e+10 | C10: 8.5953153e+08 | D10: 6.688141e+08 | E10: 2.6016309e+09 | F10: 6.5993808e+09 | G10: 7.9333391e+08 | H10: 63939379 | I10: 1.1907999e+09 | J10: 2.4264383e+09 | K10: 1.6126284e+09 | L10: 5.5930223e+08 | M10: 1.0303853e+10 | N10: =B10-C10+D10 | O10: =F10-G10+H10 | P10: =100*O10/N10 | Q10: =100*E10/(B10-C10) | R10: =N10-M10 | S10: =INDEX(IPCA!$F$2:$F$12,MATCH(A10,IPCA!$D$2:$D$12,0)) | T10: =SUMIFS(Populacao!$G$2:$G$21,Populacao!$A$2:$A$21,"Manaus",Populacao!$B$2:$B$21,A10) | U10: =N10*S10/T10 | V10: =E10*S10/T10 | W10: =O10*S10/T10 | X10: =M10*S10/T10
A11: 2025 | B11: 1.1323047e+10 | C11: 9.5153629e+08 | D11: 5.8889518e+08 | E11: 2.9078515e+09 | F11: 7.1117474e+09 | G11: 8.864141e+08 | H11: 85775423 | I11: 1.4564569e+09 | J11: 2.6255465e+09 | K11: 1.7135421e+09 | L11: 5.1094705e+08 | M11: 1.0706228e+10 | N11: =B11-C11+D11 | O11: =F11-G11+H11 | P11: =100*O11/N11 | Q11: =100*E11/(B11-C11) | R11: =N11-M11 | S11: =INDEX(IPCA!$F$2:$F$12,MATCH(A11,IPCA!$D$2:$D$12,0)) | T11: =SUMIFS(Populacao!$G$2:$G$21,Populacao!$A$2:$A$21,"Manaus",Populacao!$B$2:$B$21,A11) | U11: =N11*S11/T11 | V11: =E11*S11/T11 | W11: =O11*S11/T11 | X11: =M11*S11/T11

Sheet Parintins
A1: Ano | B1: Receita corrente bruta (1.0) | C1: Deduções da receita corrente (FUNDEB e outras) | D1: Receita de capital (2.0) | E1: Receita tributária (1.1) | F1: Transferências correntes brutas (1.7) | G1: Deduções sobre transf. correntes | H1: Transferências de capital (2.4) | I1: FPM | J1: Cota-parte ICMS | K1: FUNDEB recebido | L1: SUS corrente | M1: Despesa empenhada exceto intra | N1: Receita total líquida | O1: Transferências líquidas | P1: Dependência (%) | Q1: Autonomia tributária (%) | R1: Resultado orçamentário (R$) | S1: Fator IPCA (R$ 2025) | T1: População harmonizada | U1: Receita total líquida real pc | V1: Receita tributária real pc | W1: Transferências líquidas reais pc | X1: Despesa real pc
A2: 2016 | B2: sem DCA no Siconfi (ausente)
A3: 2017 | B3: 1.8223822e+08 | C3: 12441772 | D3: 528196.54 | E3: 11149610 | F3: 1.6432196e+08 | G3: 12441772 | H3: 528196.54 | I3: 36670204 | J3: 27609817 | K3: 67080500 | L3: 22513013 | M3: 1.8003138e+08 | N3: =B3-C3+D3 | O3: =F3-G3+H3 | P3: =100*O3/N3 | Q3: =100*E3/(B3-C3) | R3: =N3-M3 | S3: =INDEX(IPCA!$F$2:$F$12,MATCH(A3,IPCA!$D$2:$D$12,0)) | T3: =SUMIFS(Populacao!$G$2:$G$21,Populacao!$A$2:$A$21,"Parintins",Populacao!$B$2:$B$21,A3) | U3: =N3*S3/T3 | V3: =E3*S3/T3 | W3: =O3*S3/T3 | X3: =M3*S3/T3
A4: 2018 | B4: 2.1068614e+08 | C4: 13491025 | D4: 12561288 | E4: 10422997 | F4: 1.8773102e+08 | G4: 13491025 | H4: 12447963 | I4: 37058448 | J4: 30976279 | K4: 67222985 | L4: 24934866 | M4: 2.1164583e+08 | N4: =B4-C4+D4 | O4: =F4-G4+H4 | P4: =100*O4/N4 | Q4: =100*E4/(B4-C4) | R4: =N4-M4 | S4: =INDEX(IPCA!$F$2:$F$12,MATCH(A4,IPCA!$D$2:$D$12,0)) | T4: =SUMIFS(Populacao!$G$2:$G$21,Populacao!$A$2:$A$21,"Parintins",Populacao!$B$2:$B$21,A4) | U4: =N4*S4/T4 | V4: =E4*S4/T4 | W4: =O4*S4/T4 | X4: =M4*S4/T4
A5: 2019 | B5: 2.1592449e+08 | C5: 14791396 | D5: 9095328.6 | E5: 10965990 | F5: 1.9616559e+08 | G5: 14791396 | H5: 9095328.6 | I5: 40267616 | J5: 34359030 | K5: 70168193 | L5: 26538869 | M5: 2.0915938e+08 | N5: =B5-C5+D5 | O5: =F5-G5+H5 | P5: =100*O5/N5 | Q5: =100*E5/(B5-C5) | R5: =N5-M5 | S5: =INDEX(IPCA!$F$2:$F$12,MATCH(A5,IPCA!$D$2:$D$12,0)) | T5: =SUMIFS(Populacao!$G$2:$G$21,Populacao!$A$2:$A$21,"Parintins",Populacao!$B$2:$B$21,A5) | U5: =N5*S5/T5 | V5: =E5*S5/T5 | W5: =O5*S5/T5 | X5: =M5*S5/T5
A6: 2020 | B6: 2.6782036e+08 | C6: 14792085 | D6: 18818277 | E6: 11689597 | F6: 2.4728098e+08 | G6: 14792085 | H6: 18818277 | I6: 38284079 | J6: 36405731 | K6: 68339680 | L6: 68849863 | M6: 2.7178292e+08 | N6: =B6-C6+D6 | O6: =F6-G6+H6 | P6: =100*O6/N6 | Q6: =100*E6/(B6-C6) | R6: =N6-M6 | S6: =INDEX(IPCA!$F$2:$F$12,MATCH(A6,IPCA!$D$2:$D$12,0)) | T6: =SUMIFS(Populacao!$G$2:$G$21,Populacao!$A$2:$A$21,"Parintins",Populacao!$B$2:$B$21,A6) | U6: =N6*S6/T6 | V6: =E6*S6/T6 | W6: =O6*S6/T6 | X6: =M6*S6/T6
A7: 2021 | B7: 3.0704962e+08 | C7: 19277529 | D7: 28895858 | E7: 18089003 | F7: 2.7952203e+08 | G7: 19277529 | H7: 28895858 | I7: 53455160 | J7: 43950376 | K7: 99290152 | L7: 68025941 | M7: 3.0621713e+08 | N7: =B7-C7+D7 | O7: =F7-G7+H7 | P7: =100*O7/N7 | Q7: =100*E7/(B7-C7) | R7: =N7-M7 | S7: =INDEX(IPCA!$F$2:$F$12,MATCH(A7,IPCA!$D$2:$D$12,0)) | T7: =SUMIFS(Populacao!$G$2:$G$21,Populacao!$A$2:$A$21,"Parintins",Populacao!$B$2:$B$21,A7) | U7: =N7*S7/T7 | V7: =E7*S7/T7 | W7: =O7*S7/T7 | X7: =M7*S7/T7
A8: 2022 | B8: 3.6009573e+08 | C8: 21993761 | D8: 20400760 | E8: 21815603 | F8: 3.215861e+08 | G8: 21993761 | H8: 20400760 | I8: 67807970 | J8: 46549903 | K8: 1.2300971e+08 | L8: 53172260 | M8: 3.749717e+08 | N8: =B8-C8+D8 | O8: =F8-G8+H8 | P8: =100*O8/N8 | Q8: =100*E8/(B8-C8) | R8: =N8-M8 | S8: =INDEX(IPCA!$F$2:$F$12,MATCH(A8,IPCA!$D$2:$D$12,0)) | T8: =SUMIFS(Populacao!$G$2:$G$21,Populacao!$A$2:$A$21,"Parintins",Populacao!$B$2:$B$21,A8) | U8: =N8*S8/T8 | V8: =E8*S8/T8 | W8: =O8*S8/T8 | X8: =M8*S8/T8
A9: 2023 | B9: 4.4960366e+08 | C9: 28016095 | D9: 19078594 | E9: 23994351 | F9: 4.0786807e+08 | G9: 28016095 | H9: 19078594 | I9: 1.0032687e+08 | J9: 48313754 | K9: 1.2846212e+08 | L9: 72538715 | M9: 4.1406537e+08 | N9: =B9-C9+D9 | O9: =F9-G9+H9 | P9: =100*O9/N9 | Q9: =100*E9/(B9-C9) | R9: =N9-M9 | S9: =INDEX(IPCA!$F$2:$F$12,MATCH(A9,IPCA!$D$2:$D$12,0)) | T9: =SUMIFS(Populacao!$G$2:$G$21,Populacao!$A$2:$A$21,"Parintins",Populacao!$B$2:$B$21,A9) | U9: =N9*S9/T9 | V9: =E9*S9/T9 | W9: =O9*S9/T9 | X9: =M9*S9/T9
A10: 2024 | B10: 5.6680829e+08 | C10: 33891123 | D10: 55319890 | E10: 29754012 | F10: 4.8412174e+08 | G10: 33891123 | H10: 55319890 | I10: 1.2576501e+08 | J10: 52640754 | K10: 1.5777671e+08 | L10: 1.0642949e+08 | M10: 6.045669e+08 | N10: =B10-C10+D10 | O10: =F10-G10+H10 | P10: =100*O10/N10 | Q10: =100*E10/(B10-C10) | R10: =N10-M10 | S10: =INDEX(IPCA!$F$2:$F$12,MATCH(A10,IPCA!$D$2:$D$12,0)) | T10: =SUMIFS(Populacao!$G$2:$G$21,Populacao!$A$2:$A$21,"Parintins",Populacao!$B$2:$B$21,A10) | U10: =N10*S10/T10 | V10: =E10*S10/T10 | W10: =O10*S10/T10 | X10: =M10*S10/T10
A11: 2025 | B11: 6.2704237e+08 | C11: 34633150 | D11: 1.2112798e+08 | E11: 35757634 | F11: 5.4609024e+08 | G11: 34633150 | H11: 1.2112798e+08 | I11: 1.2740696e+08 | J11: 56960340 | K11: 1.7175032e+08 | L11: 1.37902e+08 | M11: 6.5592199e+08 | N11: =B11-C11+D11 | O11: =F11-G11+H11 | P11: =100*O11/N11 | Q11: =100*E11/(B11-C11) | R11: =N11-M11 | S11: =INDEX(IPCA!$F$2:$F$12,MATCH(A11,IPCA!$D$2:$D$12,0)) | T11: =SUMIFS(Populacao!$G$2:$G$21,Populacao!$A$2:$A$21,"Parintins",Populacao!$B$2:$B$21,A11) | U11: =N11*S11/T11 | V11: =E11*S11/T11 | W11: =O11*S11/T11 | X11: =M11*S11/T11

Sheet Conferencia
A1: Município | B1: Ano | C1: Dependência % (planilha) | D1: Dependência % (Python) | E1: Despesa real pc (planilha) | F1: Despesa real pc (Python) | G1: Diferença desp. pc
A2: Manaus | B2: 2016 | C2: ='Manaus'!P2 | D2: 52.656224 | E2: ='Manaus'!X2 | F2: 3382.639 | G2: =E2-F2
A3: Manaus | B3: 2017 | C3: ='Manaus'!P3 | D3: 62.858591 | E3: ='Manaus'!X3 | F3: 3252.9288 | G3: =E3-F3
A4: Manaus | B4: 2018 | C4: ='Manaus'!P4 | D4: 60.29773 | E4: ='Manaus'!X4 | F4: 3391.4975 | G4: =E4-F4
A5: Manaus | B5: 2019 | C5: ='Manaus'!P5 | D5: 56.367962 | E5: ='Manaus'!X5 | F5: 3826.8175 | G5: =E5-F5
A6: Manaus | B6: 2020 | C6: ='Manaus'!P6 | D6: 57.749722 | E6: ='Manaus'!X6 | F6: 4231.7117 | G6: =E6-F6
A7: Manaus | B7: 2021 | C7: ='Manaus'!P7 | D7: 61.619462 | E7: ='Manaus'!X7 | F7: 3806.5958 | G7: =E7-F7
A8: Manaus | B8: 2022 | C8: ='Manaus'!P8 | D8: 62.986701 | E8: ='Manaus'!X8 | F8: 4342.1755 | G8: =E8-F8
A9: Manaus | B9: 2023 | C9: ='Manaus'!P9 | D9: 56.036297 | E9: ='Manaus'!X9 | F9: 4493.4658 | G9: =E9-F9
A10: Manaus | B10: 2024 | C10: ='Manaus'!P10 | D10: 57.343113 | E10: ='Manaus'!X10 | F10: 4746.6065 | G10: =E10-F10
A11: Manaus | B11: 2025 | C11: ='Manaus'!P11 | D11: 57.580975 | E11: ='Manaus'!X11 | F11: 4647.3411 | G11: =E11-F11
A12: Parintins | B12: 2017 | C12: ='Parintins'!P3 | D12: 89.481114 | E12: ='Parintins'!X3 | F12: 2745.8522 | G12: =E12-F12
A13: Parintins | B13: 2018 | C13: ='Parintins'!P4 | D13: 89.002268 | E13: ='Parintins'!X4 | F13: 3128.7803 | G13: =E13-F13
A14: Parintins | B14: 2019 | C14: ='Parintins'!P5 | D14: 90.601227 | E14: ='Parintins'!X5 | F14: 2994.9555 | G14: =E14-F14
A15: Parintins | B15: 2020 | C15: ='Parintins'!P6 | D15: 92.444494 | E15: ='Parintins'!X6 | F15: 3788.5358 | G15: =E15-F15
A16: Parintins | B16: 2021 | C16: ='Parintins'!P7 | D16: 91.307113 | E16: ='Parintins'!X7 | F16: 3960.1347 | G16: =E16-F16
A17: Parintins | B17: 2022 | C17: ='Parintins'!P8 | D17: 89.258206 | E17: ='Parintins'!X8 | F17: 4460.4256 | G17: =E17-F17
A18: Parintins | B18: 2023 | C18: ='Parintins'!P9 | D18: 90.528978 | E18: ='Parintins'!X9 | F18: 4583.9964 | G18: =E18-F18
A19: Parintins | B19: 2024 | C19: ='Parintins'!P10 | D19: 85.943328 | E19: ='Parintins'!X10 | F19: 6227.162 | G19: =E19-F19
A20: Parintins | B20: 2025 | C20: ='Parintins'!P11 | D20: 88.654812 | E20: ='Parintins'!X11 | F20: 6439.7623 | G20: =E20-F20
